<?xml version="1.0" encoding="utf-8" ?>
<dwsync>
<file name="b1.jpg" server="ranjeetk.sgedu.site/www/" local="131161401240000000" remote="131161109400000000" Dst="0" />
<file name="b2.jpg" server="ranjeetk.sgedu.site/www/" local="131161401300000000" remote="131161109400000000" Dst="0" />
<file name="ugly.jpg" server="ranjeetk.sgedu.site/www/" local="131161400760000000" remote="131161109400000000" Dst="0" />
<file name="b4.jpg" server="ranjeetk.sgedu.site/www/" local="131161399580000000" remote="131161109400000000" Dst="0" />
<file name="book.jpg" server="ranjeetk.sgedu.site/www/" local="131161400680000000" remote="131161109400000000" Dst="0" />
<file name="b3.jpg" server="ranjeetk.sgedu.site/www/" local="131161401580000000" remote="131161109400000000" Dst="0" />
<file name="dragon.jpg" server="ranjeetk.sgedu.site/www/" local="131161400620000000" remote="131161109400000000" Dst="0" />
<file name="fallen.jpg" server="ranjeetk.sgedu.site/www/" local="131161400560000000" remote="131161109400000000" Dst="0" />
<file name="main.css" server="ranjeetk.sgedu.site/www/" local="131161654040000000" remote="131161455000000000" Dst="0" />
<file name="homepg.html" server="ranjeetk.sgedu.site/www/" local="131161654820000000" remote="131161455000000000" Dst="0" />
<file name="jungle.jpg" server="ranjeetk.sgedu.site/www/" local="131161400480000000" remote="131161109400000000" Dst="0" />
<file name="responsive.css" server="ranjeetk.sgedu.site/www/" local="131161651440000000" remote="131161455000000000" Dst="0" />
<file name="PIC.png" server="ranjeetk.sgedu.site/www/" local="131161392480000000" remote="131161109400000000" Dst="0" />
<file name="love and friendship.pdf.docx" server="ranjeetk.sgedu.site/www/" local="131155601700000000" remote="131161109400000000" Dst="0" />
<file name="contact.html" server="ranjeetk.sgedu.site/www/" local="131161645660000000" remote="131161109400000000" Dst="0" />
<file name="library.html" server="ranjeetk.sgedu.site/www/" local="131161645660000000" remote="131161109400000000" Dst="0" />
<file name="map.jpg" server="ranjeetk.sgedu.site/www/" local="131155633600000000" remote="131161109400000000" Dst="0" />
<file name="contact.jpg" server="ranjeetk.sgedu.site/www/" local="131161422320000000" remote="131161109400000000" Dst="0" />
<file name="library.css" server="ranjeetk.sgedu.site/www/" local="131161491460000000" remote="131161109400000000" Dst="0" />
</dwsync>